[
{
  "model": "users.user",
  "fields": {
    "password": "pbkdf2_sha256$1000000$025AtlPrrP37CXAeahuZ1r$9n/JlCD+n3ab9WjT+wsmqddcCxJXxBn2OabTT27kYDY=",
    "last_login": null,
    "is_superuser": true,
    "email": "admin@imbir.kg",
    "first_name": "Администратор",
    "last_name": "Imbir",
    "phone": "",
    "role": "admin",
    "is_active": true,
    "is_staff": true,
    "date_joined": "2026-06-01T07:45:48.903Z",
    "groups": [],
    "user_permissions": []
  }
},
{
  "model": "users.user",
  "fields": {
    "password": "pbkdf2_sha256$1000000$leKnfJ64BCSrK95fpuO9F2$/v7Ki/SP5I+PA0hD907Q7KvbmsuWB4bCNakt+7yCUGU=",
    "last_login": null,
    "is_superuser": false,
    "email": "patient1@imbir.kg",
    "first_name": "Айгерим",
    "last_name": "Асанова",
    "phone": "+996700111001",
    "role": "patient",
    "is_active": true,
    "is_staff": false,
    "date_joined": "2026-06-01T07:45:49.120Z",
    "groups": [],
    "user_permissions": []
  }
},
{
  "model": "users.user",
  "fields": {
    "password": "pbkdf2_sha256$1000000$3rkZQf4z4t3QmDUTwQjNlX$Y7Xi7mWFk6WY3psPTtrtfghPDfgiNJ+cbMj1AgKM9xw=",
    "last_login": null,
    "is_superuser": false,
    "email": "patient2@imbir.kg",
    "first_name": "Бекзат",
    "last_name": "Омуров",
    "phone": "+996700111002",
    "role": "patient",
    "is_active": true,
    "is_staff": false,
    "date_joined": "2026-06-01T07:45:49.332Z",
    "groups": [],
    "user_permissions": []
  }
},
{
  "model": "users.user",
  "fields": {
    "password": "pbkdf2_sha256$1000000$vpO0QoIOZV3AQ0WbMjU2RE$HIDKBdPFntoQvb9Y3rwXF9q5h/mmbBRrLpPUxRKLEhw=",
    "last_login": null,
    "is_superuser": false,
    "email": "patient3@imbir.kg",
    "first_name": "Чынара",
    "last_name": "Кадырова",
    "phone": "+996700111003",
    "role": "patient",
    "is_active": true,
    "is_staff": false,
    "date_joined": "2026-06-01T07:45:49.545Z",
    "groups": [],
    "user_permissions": []
  }
},
{
  "model": "users.user",
  "fields": {
    "password": "pbkdf2_sha256$1000000$CnRYrRhE3TiyTOjQFnO20y$zkyp5MxRa1Ag/y6fp1bt6iKfDcVraVpnvgUDyhCZOb4=",
    "last_login": null,
    "is_superuser": false,
    "email": "doctor1@imbir.kg",
    "first_name": "Айдар",
    "last_name": "Маматов",
    "phone": "+996700222001",
    "role": "doctor",
    "is_active": true,
    "is_staff": false,
    "date_joined": "2026-06-01T07:45:49.757Z",
    "groups": [],
    "user_permissions": []
  }
},
{
  "model": "users.user",
  "fields": {
    "password": "pbkdf2_sha256$1000000$nPHscqaHfeaMoa3yJHTBI1$gdFqmedB+I4UF0igc6C6zh12CsRm8KmWJUypnAmhhZg=",
    "last_login": null,
    "is_superuser": false,
    "email": "doctor2@imbir.kg",
    "first_name": "Нурила",
    "last_name": "Сейткалиева",
    "phone": "+996700222002",
    "role": "doctor",
    "is_active": true,
    "is_staff": false,
    "date_joined": "2026-06-01T07:45:49.972Z",
    "groups": [],
    "user_permissions": []
  }
},
{
  "model": "users.user",
  "fields": {
    "password": "pbkdf2_sha256$1000000$GXE9YhYx5PvFUlwob29vt6$hNvzvejosM3+xldbHjHkjjD3xH4fapA0iKCNf3ichUY=",
    "last_login": null,
    "is_superuser": false,
    "email": "doctor3@imbir.kg",
    "first_name": "Бакыт",
    "last_name": "Токтоматов",
    "phone": "+996700222003",
    "role": "doctor",
    "is_active": true,
    "is_staff": false,
    "date_joined": "2026-06-01T07:45:50.183Z",
    "groups": [],
    "user_permissions": []
  }
},
{
  "model": "users.user",
  "fields": {
    "password": "pbkdf2_sha256$1000000$wwxumIvAq9REFaRMIlLaAn$6kuEFwPs5JELj6l0X7IuKYgBAtun9GQNUnRdRd//4TY=",
    "last_login": null,
    "is_superuser": false,
    "email": "clinic1@imbir.kg",
    "first_name": "МЦ",
    "last_name": "Ак-Жол",
    "phone": "+996312123401",
    "role": "clinic",
    "is_active": true,
    "is_staff": false,
    "date_joined": "2026-06-01T07:45:50.395Z",
    "groups": [],
    "user_permissions": []
  }
},
{
  "model": "users.user",
  "fields": {
    "password": "pbkdf2_sha256$1000000$Edj2TWG78YQkPF8ybWrwBz$SLEr1cSYO1EKWLb8JXD+84aU7XPAocNRjozBEBuHiZk=",
    "last_login": null,
    "is_superuser": false,
    "email": "clinic2@imbir.kg",
    "first_name": "Клиника",
    "last_name": "Здоровье",
    "phone": "+996312456702",
    "role": "clinic",
    "is_active": true,
    "is_staff": false,
    "date_joined": "2026-06-01T07:45:50.615Z",
    "groups": [],
    "user_permissions": []
  }
},
{
  "model": "users.doctorprofile",
  "pk": 1,
  "fields": {
    "user": [
      "doctor1@imbir.kg"
    ],
    "gender": "male",
    "birth_date": "1985-03-15",
    "city": "Бишкек",
    "languages": [
      "ru",
      "ky"
    ],
    "photo": "",
    "country": "Кыргызстан",
    "address": "ул. Токтогула 100",
    "website": "",
    "latitude": null,
    "longitude": null,
    "schedule": {
      "mon": {
        "start": "09:00",
        "end": "18:00"
      },
      "tue": {
        "start": "09:00",
        "end": "18:00"
      },
      "wed": {
        "start": "09:00",
        "end": "18:00"
      },
      "thu": {
        "start": "09:00",
        "end": "18:00"
      },
      "fri": {
        "start": "09:00",
        "end": "16:00"
      }
    },
    "lunch_break": {
      "start": "13:00",
      "end": "14:00"
    },
    "emergency_24_7": false,
    "legal_name": "",
    "reg_number": "",
    "license_number": "",
    "license_date": null,
    "license_authority": "",
    "primary_specializations": [
      "Терапевт"
    ],
    "narrow_specializations": [
      "Общая терапия",
      "Гастроэнтерология"
    ],
    "additional_services": "",
    "equipment": [
      "ЭКГ-аппарат",
      "Тонометр"
    ],
    "patient_conditions": [
      "adults",
      "seniors"
    ],
    "payment_methods": [
      "cash",
      "card"
    ],
    "agree_terms": true,
    "agree_privacy": true,
    "agree_data_processing": true,
    "agree_publishing": true,
    "about": "Опытный терапевт с более чем 10-летним стажем. Специализируюсь на диагностике и лечении заболеваний внутренних органов.",
    "experience_years": 10,
    "is_online_available": true,
    "consultation_price": "800.00",
    "education": [
      {
        "institution": "КРСУ им. Ельцина",
        "degree": "Высшее медицинское",
        "year": 2008
      },
      {
        "institution": "ординатура КГМУ",
        "degree": "Специализация «Терапия»",
        "year": 2010
      }
    ],
    "work_experience": [
      {
        "clinic": "ГКБ №1",
        "position": "Терапевт",
        "from": 2010,
        "to": 2018
      },
      {
        "clinic": "МЦ Ак-Жол",
        "position": "Ведущий терапевт",
        "from": 2018,
        "to": null
      }
    ],
    "skills": [
      "Диагностика",
      "ЭКГ",
      "УЗИ",
      "ФГДС"
    ],
    "rating": "4.80",
    "reviews_count": 42,
    "is_published": true,
    "profile_views": 0,
    "created_at": "2026-06-01T07:45:49.971Z",
    "updated_at": "2026-06-01T07:45:49.971Z"
  }
},
{
  "model": "users.doctorprofile",
  "pk": 2,
  "fields": {
    "user": [
      "doctor2@imbir.kg"
    ],
    "gender": "female",
    "birth_date": "1988-07-22",
    "city": "Бишкек",
    "languages": [
      "ru",
      "ky",
      "en"
    ],
    "photo": "",
    "country": "Кыргызстан",
    "address": "пр. Манаса 55",
    "website": "",
    "latitude": null,
    "longitude": null,
    "schedule": {
      "mon": {
        "start": "08:00",
        "end": "17:00"
      },
      "tue": {
        "start": "08:00",
        "end": "17:00"
      },
      "wed": {
        "start": "08:00",
        "end": "17:00"
      },
      "thu": {
        "start": "08:00",
        "end": "17:00"
      },
      "fri": {
        "start": "08:00",
        "end": "15:00"
      },
      "sat": {
        "start": "09:00",
        "end": "13:00"
      }
    },
    "lunch_break": {
      "start": "12:00",
      "end": "13:00"
    },
    "emergency_24_7": false,
    "legal_name": "",
    "reg_number": "",
    "license_number": "",
    "license_date": null,
    "license_authority": "",
    "primary_specializations": [
      "Кардиолог"
    ],
    "narrow_specializations": [
      "Аритмология",
      "Эхокардиография"
    ],
    "additional_services": "",
    "equipment": [
      "ЭКГ-аппарат",
      "Эхокардиограф",
      "Холтер-монитор"
    ],
    "patient_conditions": [
      "adults",
      "seniors"
    ],
    "payment_methods": [
      "cash",
      "card",
      "insurance"
    ],
    "agree_terms": true,
    "agree_privacy": true,
    "agree_data_processing": true,
    "agree_publishing": true,
    "about": "Кардиолог высшей категории. Специализируюсь на диагностике и лечении заболеваний сердечно-сосудистой системы.",
    "experience_years": 8,
    "is_online_available": true,
    "consultation_price": "1200.00",
    "education": [
      {
        "institution": "КГМУ",
        "degree": "Высшее медицинское",
        "year": 2011
      },
      {
        "institution": "НЦКиТ",
        "degree": "Клиническая кардиология",
        "year": 2013
      }
    ],
    "work_experience": [
      {
        "clinic": "НЦКиТ",
        "position": "Кардиолог",
        "from": 2013,
        "to": 2020
      },
      {
        "clinic": "Клиника Здоровье",
        "position": "Ведущий кардиолог",
        "from": 2020,
        "to": null
      }
    ],
    "skills": [
      "ЭКГ",
      "Эхокардиография",
      "Холтеровское мониторирование",
      "Стресс-тест"
    ],
    "rating": "4.90",
    "reviews_count": 67,
    "is_published": true,
    "profile_views": 0,
    "created_at": "2026-06-01T07:45:50.183Z",
    "updated_at": "2026-06-01T07:45:50.183Z"
  }
},
{
  "model": "users.doctorprofile",
  "pk": 3,
  "fields": {
    "user": [
      "doctor3@imbir.kg"
    ],
    "gender": "male",
    "birth_date": "1990-11-05",
    "city": "Бишкек",
    "languages": [
      "ru",
      "ky"
    ],
    "photo": "",
    "country": "Кыргызстан",
    "address": "ул. Ахунбаева 92а",
    "website": "",
    "latitude": null,
    "longitude": null,
    "schedule": {
      "mon": {
        "start": "09:00",
        "end": "18:00"
      },
      "tue": {
        "start": "09:00",
        "end": "18:00"
      },
      "wed": {
        "start": "09:00",
        "end": "18:00"
      },
      "thu": {
        "start": "09:00",
        "end": "18:00"
      },
      "fri": {
        "start": "09:00",
        "end": "16:00"
      }
    },
    "lunch_break": {
      "start": "13:00",
      "end": "14:00"
    },
    "emergency_24_7": false,
    "legal_name": "",
    "reg_number": "",
    "license_number": "",
    "license_date": null,
    "license_authority": "",
    "primary_specializations": [
      "Педиатр"
    ],
    "narrow_specializations": [
      "Неонатология",
      "Детская аллергология"
    ],
    "additional_services": "",
    "equipment": [
      "Тонометр детский",
      "Пульсоксиметр"
    ],
    "patient_conditions": [
      "children",
      "infants"
    ],
    "payment_methods": [
      "cash",
      "card"
    ],
    "agree_terms": true,
    "agree_privacy": true,
    "agree_data_processing": true,
    "agree_publishing": true,
    "about": "Педиатр с 6-летним опытом. Специализируюсь на диагностике и лечении детских заболеваний, аллергических реакций.",
    "experience_years": 6,
    "is_online_available": false,
    "consultation_price": "700.00",
    "education": [
      {
        "institution": "КРСУ им. Ельцина",
        "degree": "Высшее медицинское (педиатрия)",
        "year": 2014
      },
      {
        "institution": "ординатура КГМУ",
        "degree": "Педиатрия",
        "year": 2016
      }
    ],
    "work_experience": [
      {
        "clinic": "Детская ГКБ №2",
        "position": "Педиатр",
        "from": 2016,
        "to": 2022
      },
      {
        "clinic": "МЦ Ак-Жол",
        "position": "Педиатр",
        "from": 2022,
        "to": null
      }
    ],
    "skills": [
      "Педиатрия",
      "Вакцинация",
      "Аллергология",
      "Неонатология"
    ],
    "rating": "4.70",
    "reviews_count": 28,
    "is_published": true,
    "profile_views": 0,
    "created_at": "2026-06-01T07:45:50.394Z",
    "updated_at": "2026-06-01T07:45:50.394Z"
  }
},
{
  "model": "users.patientprofile",
  "pk": 1,
  "fields": {
    "user": [
      "patient1@imbir.kg"
    ],
    "blood_type": "A+",
    "allergies": [],
    "emergency_contact_name": "Экстренный контакт",
    "emergency_contact_phone": "+996700000000",
    "emergency_contact_relation": "Родственник",
    "updated_at": "2026-06-01T07:45:49.331Z"
  }
},
{
  "model": "users.patientprofile",
  "pk": 2,
  "fields": {
    "user": [
      "patient2@imbir.kg"
    ],
    "blood_type": "B+",
    "allergies": [],
    "emergency_contact_name": "Экстренный контакт",
    "emergency_contact_phone": "+996700000000",
    "emergency_contact_relation": "Родственник",
    "updated_at": "2026-06-01T07:45:49.544Z"
  }
},
{
  "model": "users.patientprofile",
  "pk": 3,
  "fields": {
    "user": [
      "patient3@imbir.kg"
    ],
    "blood_type": "A+",
    "allergies": [],
    "emergency_contact_name": "Экстренный контакт",
    "emergency_contact_phone": "+996700000000",
    "emergency_contact_relation": "Родственник",
    "updated_at": "2026-06-01T07:45:49.756Z"
  }
},
{
  "model": "users.clinicprofile",
  "pk": 1,
  "fields": {
    "user": [
      "clinic1@imbir.kg"
    ],
    "name": "Медицинский центр «Ак-Жол»",
    "clinic_type": "Многопрофильная клиника",
    "description": "Многопрофильный медицинский центр в Бишкеке с современным оборудованием и опытными специалистами. Предоставляем полный спектр медицинских услуг.",
    "logo": "",
    "country": "Кыргызстан",
    "city": "Бишкек",
    "address": "ул. Токтогула 100",
    "phone": "+996312123401",
    "email": "info@akzhol.kg",
    "website": "https://akzhol.kg",
    "latitude": "42.870100",
    "longitude": "74.590100",
    "schedule": {
      "mon": {
        "start": "08:00",
        "end": "20:00"
      },
      "tue": {
        "start": "08:00",
        "end": "20:00"
      },
      "wed": {
        "start": "08:00",
        "end": "20:00"
      },
      "thu": {
        "start": "08:00",
        "end": "20:00"
      },
      "fri": {
        "start": "08:00",
        "end": "20:00"
      },
      "sat": {
        "start": "09:00",
        "end": "17:00"
      },
      "sun": {
        "start": "09:00",
        "end": "14:00"
      }
    },
    "lunch_break": {},
    "emergency_24_7": false,
    "legal_name": "ОсОО «Ак-Жол Мед»",
    "reg_number": "12345-6789",
    "license_number": "МЦ-001-2010",
    "license_date": "2010-06-01",
    "license_authority": "Министерство здравоохранения КР",
    "primary_specializations": [
      "Терапия",
      "Педиатрия",
      "Хирургия"
    ],
    "narrow_specializations": [
      "Гастроэнтерология",
      "Неврология"
    ],
    "additional_services": "Лаборатория, рентген, УЗИ, ЭКГ",
    "equipment": [
      "МРТ",
      "КТ",
      "УЗИ",
      "Рентген",
      "Лаборатория"
    ],
    "patient_conditions": [
      "adults",
      "children",
      "seniors"
    ],
    "payment_methods": [
      "cash",
      "card",
      "insurance"
    ],
    "agree_terms": true,
    "agree_privacy": true,
    "agree_data_processing": true,
    "agree_publishing": true,
    "experience_years": 15,
    "rating": "4.70",
    "reviews_count": 214,
    "doctors_count": 25,
    "is_published": true,
    "profile_views": 0,
    "created_at": "2026-06-01T07:45:50.614Z",
    "updated_at": "2026-06-01T07:45:50.614Z"
  }
},
{
  "model": "users.clinicprofile",
  "pk": 2,
  "fields": {
    "user": [
      "clinic2@imbir.kg"
    ],
    "name": "Клиника «Здоровье»",
    "clinic_type": "Кардиологическая клиника",
    "description": "Специализированная кардиологическая клиника. Диагностика и лечение сердечно-сосудистых заболеваний с применением современных технологий.",
    "logo": "",
    "country": "Кыргызстан",
    "city": "Бишкек",
    "address": "пр. Манаса 55",
    "phone": "+996312456702",
    "email": "info@zdorovie.kg",
    "website": "https://zdorovie.kg",
    "latitude": "42.875000",
    "longitude": "74.610000",
    "schedule": {
      "mon": {
        "start": "08:00",
        "end": "19:00"
      },
      "tue": {
        "start": "08:00",
        "end": "19:00"
      },
      "wed": {
        "start": "08:00",
        "end": "19:00"
      },
      "thu": {
        "start": "08:00",
        "end": "19:00"
      },
      "fri": {
        "start": "08:00",
        "end": "19:00"
      },
      "sat": {
        "start": "09:00",
        "end": "15:00"
      }
    },
    "lunch_break": {
      "start": "13:00",
      "end": "14:00"
    },
    "emergency_24_7": false,
    "legal_name": "ОсОО «Здоровье»",
    "reg_number": "98765-4321",
    "license_number": "КК-002-2015",
    "license_date": "2015-03-20",
    "license_authority": "Министерство здравоохранения КР",
    "primary_specializations": [
      "Кардиология"
    ],
    "narrow_specializations": [
      "Аритмология",
      "Интервенционная кардиология"
    ],
    "additional_services": "Кардиохирургия, реабилитация",
    "equipment": [
      "ЭКГ",
      "Эхокардиограф",
      "Холтер",
      "Ангиограф"
    ],
    "patient_conditions": [
      "adults",
      "seniors"
    ],
    "payment_methods": [
      "cash",
      "card",
      "insurance"
    ],
    "agree_terms": true,
    "agree_privacy": true,
    "agree_data_processing": true,
    "agree_publishing": true,
    "experience_years": 10,
    "rating": "4.90",
    "reviews_count": 189,
    "doctors_count": 12,
    "is_published": true,
    "profile_views": 0,
    "created_at": "2026-06-01T07:45:50.830Z",
    "updated_at": "2026-06-01T07:45:50.830Z"
  }
},
{
  "model": "users.clinicbranch",
  "pk": 1,
  "fields": {
    "clinic": 1,
    "name": "Главный офис",
    "address": "ул. Токтогула 100",
    "phone": "+996312123401",
    "schedule": {
      "mon": {
        "start": "08:00",
        "end": "20:00"
      },
      "fri": {
        "start": "08:00",
        "end": "18:00"
      }
    },
    "created_at": "2026-06-01T07:45:50.830Z",
    "updated_at": "2026-06-01T07:45:50.830Z"
  }
},
{
  "model": "users.clinicbranch",
  "pk": 2,
  "fields": {
    "clinic": 1,
    "name": "Филиал Южный",
    "address": "мкр. Асанбай 12",
    "phone": "+996312123402",
    "schedule": {
      "mon": {
        "start": "08:00",
        "end": "20:00"
      },
      "fri": {
        "start": "08:00",
        "end": "18:00"
      }
    },
    "created_at": "2026-06-01T07:45:50.831Z",
    "updated_at": "2026-06-01T07:45:50.831Z"
  }
},
{
  "model": "users.clinicbranch",
  "pk": 3,
  "fields": {
    "clinic": 2,
    "name": "Главный офис",
    "address": "пр. Манаса 55",
    "phone": "+996312456702",
    "schedule": {
      "mon": {
        "start": "08:00",
        "end": "20:00"
      },
      "fri": {
        "start": "08:00",
        "end": "18:00"
      }
    },
    "created_at": "2026-06-01T07:45:50.831Z",
    "updated_at": "2026-06-01T07:45:50.831Z"
  }
},
{
  "model": "users.doctorcliniclink",
  "pk": 1,
  "fields": {
    "doctor": 1,
    "clinic": 1,
    "branch": 1,
    "is_active": true,
    "created_at": "2026-06-01T07:45:50.832Z"
  }
},
{
  "model": "users.doctorcliniclink",
  "pk": 2,
  "fields": {
    "doctor": 3,
    "clinic": 1,
    "branch": 1,
    "is_active": true,
    "created_at": "2026-06-01T07:45:50.832Z"
  }
},
{
  "model": "users.doctorcliniclink",
  "pk": 3,
  "fields": {
    "doctor": 2,
    "clinic": 2,
    "branch": 3,
    "is_active": true,
    "created_at": "2026-06-01T07:45:50.832Z"
  }
},
{
  "model": "services.service",
  "pk": 1,
  "fields": {
    "name": "Первичная консультация терапевта",
    "category": "Терапия",
    "description": "",
    "price": "800.00",
    "duration": 30,
    "clinic": 1,
    "doctor": 1,
    "is_active": true,
    "created_at": "2026-06-01T07:45:50.833Z"
  }
},
{
  "model": "services.service",
  "pk": 2,
  "fields": {
    "name": "Повторная консультация терапевта",
    "category": "Терапия",
    "description": "",
    "price": "500.00",
    "duration": 20,
    "clinic": 1,
    "doctor": 1,
    "is_active": true,
    "created_at": "2026-06-01T07:45:50.833Z"
  }
},
{
  "model": "services.service",
  "pk": 3,
  "fields": {
    "name": "Консультация педиатра",
    "category": "Педиатрия",
    "description": "",
    "price": "700.00",
    "duration": 30,
    "clinic": 1,
    "doctor": 3,
    "is_active": true,
    "created_at": "2026-06-01T07:45:50.834Z"
  }
},
{
  "model": "services.service",
  "pk": 4,
  "fields": {
    "name": "Профилактический осмотр ребёнка",
    "category": "Педиатрия",
    "description": "",
    "price": "600.00",
    "duration": 40,
    "clinic": 1,
    "doctor": 3,
    "is_active": true,
    "created_at": "2026-06-01T07:45:50.834Z"
  }
},
{
  "model": "services.service",
  "pk": 5,
  "fields": {
    "name": "Общий анализ крови",
    "category": "Лаборатория",
    "description": "",
    "price": "400.00",
    "duration": 5,
    "clinic": 1,
    "doctor": null,
    "is_active": true,
    "created_at": "2026-06-01T07:45:50.834Z"
  }
},
{
  "model": "services.service",
  "pk": 6,
  "fields": {
    "name": "Биохимический анализ крови",
    "category": "Лаборатория",
    "description": "",
    "price": "800.00",
    "duration": 5,
    "clinic": 1,
    "doctor": null,
    "is_active": true,
    "created_at": "2026-06-01T07:45:50.834Z"
  }
},
{
  "model": "services.service",
  "pk": 7,
  "fields": {
    "name": "УЗИ органов брюшной полости",
    "category": "Диагностика",
    "description": "",
    "price": "1200.00",
    "duration": 30,
    "clinic": 1,
    "doctor": null,
    "is_active": true,
    "created_at": "2026-06-01T07:45:50.835Z"
  }
},
{
  "model": "services.service",
  "pk": 8,
  "fields": {
    "name": "ЭКГ",
    "category": "Диагностика",
    "description": "",
    "price": "600.00",
    "duration": 15,
    "clinic": 1,
    "doctor": null,
    "is_active": true,
    "created_at": "2026-06-01T07:45:50.835Z"
  }
},
{
  "model": "services.service",
  "pk": 9,
  "fields": {
    "name": "Консультация кардиолога",
    "category": "Кардиология",
    "description": "",
    "price": "1200.00",
    "duration": 45,
    "clinic": 2,
    "doctor": 2,
    "is_active": true,
    "created_at": "2026-06-01T07:45:50.835Z"
  }
},
{
  "model": "services.service",
  "pk": 10,
  "fields": {
    "name": "Эхокардиография (ЭхоКГ)",
    "category": "Кардиология",
    "description": "",
    "price": "2500.00",
    "duration": 60,
    "clinic": 2,
    "doctor": 2,
    "is_active": true,
    "created_at": "2026-06-01T07:45:50.835Z"
  }
},
{
  "model": "services.service",
  "pk": 11,
  "fields": {
    "name": "Холтеровское мониторирование ЭКГ",
    "category": "Кардиология",
    "description": "",
    "price": "3000.00",
    "duration": null,
    "clinic": 2,
    "doctor": 2,
    "is_active": true,
    "created_at": "2026-06-01T07:45:50.836Z"
  }
},
{
  "model": "services.service",
  "pk": 12,
  "fields": {
    "name": "Суточное мониторирование АД",
    "category": "Диагностика",
    "description": "",
    "price": "2000.00",
    "duration": null,
    "clinic": 2,
    "doctor": null,
    "is_active": true,
    "created_at": "2026-06-01T07:45:50.836Z"
  }
},
{
  "model": "appointments.appointment",
  "pk": 1,
  "fields": {
    "patient": [
      "patient1@imbir.kg"
    ],
    "guest_name": "",
    "guest_phone": "",
    "guest_email": "",
    "doctor": 1,
    "clinic": 1,
    "service": 1,
    "date": "2026-05-22",
    "time": "10:00:00",
    "is_online": false,
    "status": "completed",
    "notes": "Жалобы на боли в животе",
    "created_at": "2026-06-01T07:45:50.837Z",
    "updated_at": "2026-06-01T07:45:50.837Z"
  }
},
{
  "model": "appointments.appointment",
  "pk": 2,
  "fields": {
    "patient": [
      "patient2@imbir.kg"
    ],
    "guest_name": "",
    "guest_phone": "",
    "guest_email": "",
    "doctor": 2,
    "clinic": 2,
    "service": 9,
    "date": "2026-05-27",
    "time": "14:30:00",
    "is_online": false,
    "status": "completed",
    "notes": "Плановый осмотр, аритмия",
    "created_at": "2026-06-01T07:45:50.837Z",
    "updated_at": "2026-06-01T07:45:50.837Z"
  }
},
{
  "model": "appointments.appointment",
  "pk": 3,
  "fields": {
    "patient": [
      "patient3@imbir.kg"
    ],
    "guest_name": "",
    "guest_phone": "",
    "guest_email": "",
    "doctor": 3,
    "clinic": 1,
    "service": 3,
    "date": "2026-06-03",
    "time": "11:00:00",
    "is_online": false,
    "status": "confirmed",
    "notes": "",
    "created_at": "2026-06-01T07:45:50.837Z",
    "updated_at": "2026-06-01T07:45:50.837Z"
  }
},
{
  "model": "appointments.appointment",
  "pk": 4,
  "fields": {
    "patient": [
      "patient1@imbir.kg"
    ],
    "guest_name": "",
    "guest_phone": "",
    "guest_email": "",
    "doctor": 1,
    "clinic": 1,
    "service": 2,
    "date": "2026-06-08",
    "time": "09:30:00",
    "is_online": true,
    "status": "pending",
    "notes": "Онлайн-консультация",
    "created_at": "2026-06-01T07:45:50.838Z",
    "updated_at": "2026-06-01T07:45:50.838Z"
  }
},
{
  "model": "appointments.appointment",
  "pk": 5,
  "fields": {
    "patient": null,
    "guest_name": "Марат Байсалов",
    "guest_phone": "+996700555999",
    "guest_email": "marat@example.com",
    "doctor": 2,
    "clinic": 2,
    "service": 9,
    "date": "2026-06-04",
    "time": "16:00:00",
    "is_online": false,
    "status": "pending",
    "notes": "Гостевая запись",
    "created_at": "2026-06-01T07:45:50.838Z",
    "updated_at": "2026-06-01T07:45:50.838Z"
  }
},
{
  "model": "appointments.appointment",
  "pk": 6,
  "fields": {
    "patient": [
      "patient2@imbir.kg"
    ],
    "guest_name": "",
    "guest_phone": "",
    "guest_email": "",
    "doctor": 1,
    "clinic": 1,
    "service": 1,
    "date": "2026-05-12",
    "time": "15:00:00",
    "is_online": false,
    "status": "cancelled",
    "notes": "Пациент отменил запись",
    "created_at": "2026-06-01T07:45:50.839Z",
    "updated_at": "2026-06-01T07:45:50.839Z"
  }
},
{
  "model": "reviews.review",
  "pk": 1,
  "fields": {
    "author": [
      "patient1@imbir.kg"
    ],
    "appointment": 1,
    "target_type": "doctor",
    "doctor": 1,
    "clinic": null,
    "rating": 5,
    "text": "Отличный врач! Айдар очень внимательно выслушал, поставил правильный диагноз. Рекомендую всем!",
    "created_at": "2026-06-01T07:45:50.840Z"
  }
},
{
  "model": "reviews.review",
  "pk": 2,
  "fields": {
    "author": [
      "patient2@imbir.kg"
    ],
    "appointment": 2,
    "target_type": "doctor",
    "doctor": 2,
    "clinic": null,
    "rating": 5,
    "text": "Нурила — профессионал высшего класса. Очень компетентна, объяснила всё понятно. Очень довольна приёмом.",
    "created_at": "2026-06-01T07:45:50.840Z"
  }
},
{
  "model": "reviews.review",
  "pk": 3,
  "fields": {
    "author": [
      "patient1@imbir.kg"
    ],
    "appointment": null,
    "target_type": "clinic",
    "doctor": null,
    "clinic": 1,
    "rating": 4,
    "text": "Хорошая клиника, современное оборудование. Единственный минус — долгое ожидание в очереди.",
    "created_at": "2026-06-01T07:45:50.840Z"
  }
},
{
  "model": "reviews.review",
  "pk": 4,
  "fields": {
    "author": [
      "patient2@imbir.kg"
    ],
    "appointment": null,
    "target_type": "clinic",
    "doctor": null,
    "clinic": 2,
    "rating": 5,
    "text": "Лучшая кардиологическая клиника в городе! Отличный персонал, новейшее оборудование, быстрое обслуживание.",
    "created_at": "2026-06-01T07:45:50.841Z"
  }
},
{
  "model": "reviews.review",
  "pk": 5,
  "fields": {
    "author": [
      "patient3@imbir.kg"
    ],
    "appointment": null,
    "target_type": "doctor",
    "doctor": 3,
    "clinic": null,
    "rating": 5,
    "text": "Бакыт замечательный педиатр! Ребёнок его совсем не боится, всегда чувствуем заботу и профессионализм.",
    "created_at": "2026-06-01T07:45:50.841Z"
  }
}
]
